date,wm_yr_wk,year,month,week
2011-01-29,11101,2011,1,4
2011-01-30,11101,2011,1,4
2011-01-31,11101,2011,1,5
2011-02-01,11101,2011,2,5
2011-02-02,11101,2011,2,5
2011-02-03,11101,2011,2,5
2011-02-04,11101,2011,2,5
2011-02-05,11102,2011,2,5
2011-02-06,11102,2011,2,5
2011-02-07,11102,2011,2,6
2011-02-08,11102,2011,2,6
2011-02-09,11102,2011,2,6
2011-02-10,11102,2011,2,6
2011-02-11,11102,2011,2,6
2011-02-12,11103,2011,2,6
2011-02-13,11103,2011,2,6
2011-02-14,11103,2011,2,7
2011-02-15,11103,2011,2,7
2011-02-16,11103,2011,2,7
2011-02-17,11103,2011,2,7
2011-02-18,11103,2011,2,7
2011-02-19,11104,2011,2,7
2011-02-20,11104,2011,2,7
2011-02-21,11104,2011,2,8
2011-02-22,11104,2011,2,8
2011-02-23,11104,2011,2,8
2011-02-24,11104,2011,2,8
2011-02-25,11104,2011,2,8
2011-02-26,11105,2011,2,8
2011-02-27,11105,2011,2,8
2011-02-28,11105,2011,2,9
2011-03-01,11105,2011,3,9
2011-03-02,11105,2011,3,9
2011-03-03,11105,2011,3,9
2011-03-04,11105,2011,3,9
2011-03-05,11106,2011,3,9
2011-03-06,11106,2011,3,9
2011-03-07,11106,2011,3,10
2011-03-08,11106,2011,3,10
2011-03-09,11106,2011,3,10
2011-03-10,11106,2011,3,10
2011-03-11,11106,2011,3,10
2011-03-12,11107,2011,3,10
2011-03-13,11107,2011,3,10
2011-03-14,11107,2011,3,11
2011-03-15,11107,2011,3,11
2011-03-16,11107,2011,3,11
2011-03-17,11107,2011,3,11
2011-03-18,11107,2011,3,11
2011-03-19,11108,2011,3,11
2011-03-20,11108,2011,3,11
2011-03-21,11108,2011,3,12
2011-03-22,11108,2011,3,12
2011-03-23,11108,2011,3,12
2011-03-24,11108,2011,3,12
2011-03-25,11108,2011,3,12
2011-03-26,11109,2011,3,12
2011-03-27,11109,2011,3,12
2011-03-28,11109,2011,3,13
2011-03-29,11109,2011,3,13
2011-03-30,11109,2011,3,13
2011-03-31,11109,2011,3,13
2011-04-01,11109,2011,4,13
2011-04-02,11110,2011,4,13
2011-04-03,11110,2011,4,13
2011-04-04,11110,2011,4,14
2011-04-05,11110,2011,4,14
2011-04-06,11110,2011,4,14
2011-04-07,11110,2011,4,14
2011-04-08,11110,2011,4,14
2011-04-09,11111,2011,4,14
2011-04-10,11111,2011,4,14
2011-04-11,11111,2011,4,15
2011-04-12,11111,2011,4,15
2011-04-13,11111,2011,4,15
2011-04-14,11111,2011,4,15
2011-04-15,11111,2011,4,15
2011-04-16,11112,2011,4,15
2011-04-17,11112,2011,4,15
2011-04-18,11112,2011,4,16
2011-04-19,11112,2011,4,16
2011-04-20,11112,2011,4,16
2011-04-21,11112,2011,4,16
2011-04-22,11112,2011,4,16
2011-04-23,11113,2011,4,16
2011-04-24,11113,2011,4,16
2011-04-25,11113,2011,4,17
2011-04-26,11113,2011,4,17
2011-04-27,11113,2011,4,17
2011-04-28,11113,2011,4,17
2011-04-29,11113,2011,4,17
2011-04-30,11114,2011,4,17
2011-05-01,11114,2011,5,17
2011-05-02,11114,2011,5,18
2011-05-03,11114,2011,5,18
2011-05-04,11114,2011,5,18
2011-05-05,11114,2011,5,18
2011-05-06,11114,2011,5,18
2011-05-07,11115,2011,5,18
2011-05-08,11115,2011,5,18
2011-05-09,11115,2011,5,19
2011-05-10,11115,2011,5,19
2011-05-11,11115,2011,5,19
2011-05-12,11115,2011,5,19
2011-05-13,11115,2011,5,19
2011-05-14,11116,2011,5,19
2011-05-15,11116,2011,5,19
2011-05-16,11116,2011,5,20
2011-05-17,11116,2011,5,20
2011-05-18,11116,2011,5,20
2011-05-19,11116,2011,5,20
2011-05-20,11116,2011,5,20
2011-05-21,11117,2011,5,20
2011-05-22,11117,2011,5,20
2011-05-23,11117,2011,5,21
2011-05-24,11117,2011,5,21
2011-05-25,11117,2011,5,21
2011-05-26,11117,2011,5,21
2011-05-27,11117,2011,5,21
2011-05-28,11118,2011,5,21
2011-05-29,11118,2011,5,21
2011-05-30,11118,2011,5,22
2011-05-31,11118,2011,5,22
2011-06-01,11118,2011,6,22
2011-06-02,11118,2011,6,22
2011-06-03,11118,2011,6,22
2011-06-04,11119,2011,6,22
2011-06-05,11119,2011,6,22
2011-06-06,11119,2011,6,23
2011-06-07,11119,2011,6,23
2011-06-08,11119,2011,6,23
2011-06-09,11119,2011,6,23
2011-06-10,11119,2011,6,23
2011-06-11,11120,2011,6,23
2011-06-12,11120,2011,6,23
2011-06-13,11120,2011,6,24
2011-06-14,11120,2011,6,24
2011-06-15,11120,2011,6,24
2011-06-16,11120,2011,6,24
2011-06-17,11120,2011,6,24
2011-06-18,11121,2011,6,24
2011-06-19,11121,2011,6,24
2011-06-20,11121,2011,6,25
2011-06-21,11121,2011,6,25
2011-06-22,11121,2011,6,25
2011-06-23,11121,2011,6,25
2011-06-24,11121,2011,6,25
2011-06-25,11122,2011,6,25
2011-06-26,11122,2011,6,25
2011-06-27,11122,2011,6,26
2011-06-28,11122,2011,6,26
2011-06-29,11122,2011,6,26
2011-06-30,11122,2011,6,26
2011-07-01,11122,2011,7,26
2011-07-02,11123,2011,7,26
2011-07-03,11123,2011,7,26
2011-07-04,11123,2011,7,27
2011-07-05,11123,2011,7,27
2011-07-06,11123,2011,7,27
2011-07-07,11123,2011,7,27
2011-07-08,11123,2011,7,27
2011-07-09,11124,2011,7,27
2011-07-10,11124,2011,7,27
2011-07-11,11124,2011,7,28
2011-07-12,11124,2011,7,28
2011-07-13,11124,2011,7,28
2011-07-14,11124,2011,7,28
2011-07-15,11124,2011,7,28
2011-07-16,11125,2011,7,28
2011-07-17,11125,2011,7,28
2011-07-18,11125,2011,7,29
2011-07-19,11125,2011,7,29
2011-07-20,11125,2011,7,29
2011-07-21,11125,2011,7,29
2011-07-22,11125,2011,7,29
2011-07-23,11126,2011,7,29
2011-07-24,11126,2011,7,29
2011-07-25,11126,2011,7,30
2011-07-26,11126,2011,7,30
2011-07-27,11126,2011,7,30
2011-07-28,11126,2011,7,30
2011-07-29,11126,2011,7,30
2011-07-30,11127,2011,7,30
2011-07-31,11127,2011,7,30
2011-08-01,11127,2011,8,31
2011-08-02,11127,2011,8,31
2011-08-03,11127,2011,8,31
2011-08-04,11127,2011,8,31
2011-08-05,11127,2011,8,31
2011-08-06,11128,2011,8,31
2011-08-07,11128,2011,8,31
2011-08-08,11128,2011,8,32
2011-08-09,11128,2011,8,32
2011-08-10,11128,2011,8,32
2011-08-11,11128,2011,8,32
2011-08-12,11128,2011,8,32
2011-08-13,11129,2011,8,32
2011-08-14,11129,2011,8,32
2011-08-15,11129,2011,8,33
2011-08-16,11129,2011,8,33
2011-08-17,11129,2011,8,33
2011-08-18,11129,2011,8,33
2011-08-19,11129,2011,8,33
2011-08-20,11130,2011,8,33
2011-08-21,11130,2011,8,33
2011-08-22,11130,2011,8,34
2011-08-23,11130,2011,8,34
2011-08-24,11130,2011,8,34
2011-08-25,11130,2011,8,34
2011-08-26,11130,2011,8,34
2011-08-27,11131,2011,8,34
2011-08-28,11131,2011,8,34
2011-08-29,11131,2011,8,35
2011-08-30,11131,2011,8,35
2011-08-31,11131,2011,8,35
2011-09-01,11131,2011,9,35
2011-09-02,11131,2011,9,35
2011-09-03,11132,2011,9,35
2011-09-04,11132,2011,9,35
2011-09-05,11132,2011,9,36
2011-09-06,11132,2011,9,36
2011-09-07,11132,2011,9,36
2011-09-08,11132,2011,9,36
2011-09-09,11132,2011,9,36
2011-09-10,11133,2011,9,36
2011-09-11,11133,2011,9,36
2011-09-12,11133,2011,9,37
2011-09-13,11133,2011,9,37
2011-09-14,11133,2011,9,37
2011-09-15,11133,2011,9,37
2011-09-16,11133,2011,9,37
2011-09-17,11134,2011,9,37
2011-09-18,11134,2011,9,37
2011-09-19,11134,2011,9,38
2011-09-20,11134,2011,9,38
2011-09-21,11134,2011,9,38
2011-09-22,11134,2011,9,38
2011-09-23,11134,2011,9,38
2011-09-24,11135,2011,9,38
2011-09-25,11135,2011,9,38
2011-09-26,11135,2011,9,39
2011-09-27,11135,2011,9,39
2011-09-28,11135,2011,9,39
2011-09-29,11135,2011,9,39
2011-09-30,11135,2011,9,39
2011-10-01,11136,2011,10,39
2011-10-02,11136,2011,10,39
2011-10-03,11136,2011,10,40
2011-10-04,11136,2011,10,40
2011-10-05,11136,2011,10,40
2011-10-06,11136,2011,10,40
2011-10-07,11136,2011,10,40
2011-10-08,11137,2011,10,40
2011-10-09,11137,2011,10,40
2011-10-10,11137,2011,10,41
2011-10-11,11137,2011,10,41
2011-10-12,11137,2011,10,41
2011-10-13,11137,2011,10,41
2011-10-14,11137,2011,10,41
2011-10-15,11138,2011,10,41
2011-10-16,11138,2011,10,41
2011-10-17,11138,2011,10,42
2011-10-18,11138,2011,10,42
2011-10-19,11138,2011,10,42
2011-10-20,11138,2011,10,42
2011-10-21,11138,2011,10,42
2011-10-22,11139,2011,10,42
2011-10-23,11139,2011,10,42
2011-10-24,11139,2011,10,43
2011-10-25,11139,2011,10,43
2011-10-26,11139,2011,10,43
2011-10-27,11139,2011,10,43
2011-10-28,11139,2011,10,43
2011-10-29,11140,2011,10,43
2011-10-30,11140,2011,10,43
2011-10-31,11140,2011,10,44
2011-11-01,11140,2011,11,44
2011-11-02,11140,2011,11,44
2011-11-03,11140,2011,11,44
2011-11-04,11140,2011,11,44
2011-11-05,11141,2011,11,44
2011-11-06,11141,2011,11,44
2011-11-07,11141,2011,11,45
2011-11-08,11141,2011,11,45
2011-11-09,11141,2011,11,45
2011-11-10,11141,2011,11,45
2011-11-11,11141,2011,11,45
2011-11-12,11142,2011,11,45
2011-11-13,11142,2011,11,45
2011-11-14,11142,2011,11,46
2011-11-15,11142,2011,11,46
2011-11-16,11142,2011,11,46
2011-11-17,11142,2011,11,46
2011-11-18,11142,2011,11,46
2011-11-19,11143,2011,11,46
2011-11-20,11143,2011,11,46
2011-11-21,11143,2011,11,47
2011-11-22,11143,2011,11,47
2011-11-23,11143,2011,11,47
2011-11-24,11143,2011,11,47
2011-11-25,11143,2011,11,47
2011-11-26,11144,2011,11,47
2011-11-27,11144,2011,11,47
2011-11-28,11144,2011,11,48
2011-11-29,11144,2011,11,48
2011-11-30,11144,2011,11,48
2011-12-01,11144,2011,12,48
2011-12-02,11144,2011,12,48
2011-12-03,11145,2011,12,48
2011-12-04,11145,2011,12,48
2011-12-05,11145,2011,12,49
2011-12-06,11145,2011,12,49
2011-12-07,11145,2011,12,49
2011-12-08,11145,2011,12,49
2011-12-09,11145,2011,12,49
2011-12-10,11146,2011,12,49
2011-12-11,11146,2011,12,49
2011-12-12,11146,2011,12,50
2011-12-13,11146,2011,12,50
2011-12-14,11146,2011,12,50
2011-12-15,11146,2011,12,50
2011-12-16,11146,2011,12,50
2011-12-17,11147,2011,12,50
2011-12-18,11147,2011,12,50
2011-12-19,11147,2011,12,51
2011-12-20,11147,2011,12,51
2011-12-21,11147,2011,12,51
2011-12-22,11147,2011,12,51
2011-12-23,11147,2011,12,51
2011-12-24,11148,2011,12,51
2011-12-25,11148,2011,12,51
2011-12-26,11148,2011,12,52
2011-12-27,11148,2011,12,52
2011-12-28,11148,2011,12,52
2011-12-29,11148,2011,12,52
2011-12-30,11148,2011,12,52
2011-12-31,11149,2011,12,52
2012-01-01,11149,2012,1,52
2012-01-02,11149,2012,1,1
2012-01-03,11149,2012,1,1
2012-01-04,11149,2012,1,1
2012-01-05,11149,2012,1,1
2012-01-06,11149,2012,1,1
2012-01-07,11150,2012,1,1
2012-01-08,11150,2012,1,1
2012-01-09,11150,2012,1,2
2012-01-10,11150,2012,1,2
2012-01-11,11150,2012,1,2
2012-01-12,11150,2012,1,2
2012-01-13,11150,2012,1,2
2012-01-14,11151,2012,1,2
2012-01-15,11151,2012,1,2
2012-01-16,11151,2012,1,3
2012-01-17,11151,2012,1,3
2012-01-18,11151,2012,1,3
2012-01-19,11151,2012,1,3
2012-01-20,11151,2012,1,3
2012-01-21,11152,2012,1,3
2012-01-22,11152,2012,1,3
2012-01-23,11152,2012,1,4
2012-01-24,11152,2012,1,4
2012-01-25,11152,2012,1,4
2012-01-26,11152,2012,1,4
2012-01-27,11152,2012,1,4
2012-01-28,11201,2012,1,4
2012-01-29,11201,2012,1,4
2012-01-30,11201,2012,1,5
2012-01-31,11201,2012,1,5
2012-02-01,11201,2012,2,5
2012-02-02,11201,2012,2,5
2012-02-03,11201,2012,2,5
2012-02-04,11202,2012,2,5
2012-02-05,11202,2012,2,5
2012-02-06,11202,2012,2,6
2012-02-07,11202,2012,2,6
2012-02-08,11202,2012,2,6
2012-02-09,11202,2012,2,6
2012-02-10,11202,2012,2,6
2012-02-11,11203,2012,2,6
2012-02-12,11203,2012,2,6
2012-02-13,11203,2012,2,7
2012-02-14,11203,2012,2,7
2012-02-15,11203,2012,2,7
2012-02-16,11203,2012,2,7
2012-02-17,11203,2012,2,7
2012-02-18,11204,2012,2,7
2012-02-19,11204,2012,2,7
2012-02-20,11204,2012,2,8
2012-02-21,11204,2012,2,8
2012-02-22,11204,2012,2,8
2012-02-23,11204,2012,2,8
2012-02-24,11204,2012,2,8
2012-02-25,11205,2012,2,8
2012-02-26,11205,2012,2,8
2012-02-27,11205,2012,2,9
2012-02-28,11205,2012,2,9
2012-02-29,11205,2012,2,9
2012-03-01,11205,2012,3,9
2012-03-02,11205,2012,3,9
2012-03-03,11206,2012,3,9
2012-03-04,11206,2012,3,9
2012-03-05,11206,2012,3,10
2012-03-06,11206,2012,3,10
2012-03-07,11206,2012,3,10
2012-03-08,11206,2012,3,10
2012-03-09,11206,2012,3,10
2012-03-10,11207,2012,3,10
2012-03-11,11207,2012,3,10
2012-03-12,11207,2012,3,11
2012-03-13,11207,2012,3,11
2012-03-14,11207,2012,3,11
2012-03-15,11207,2012,3,11
2012-03-16,11207,2012,3,11
2012-03-17,11208,2012,3,11
2012-03-18,11208,2012,3,11
2012-03-19,11208,2012,3,12
2012-03-20,11208,2012,3,12
2012-03-21,11208,2012,3,12
2012-03-22,11208,2012,3,12
2012-03-23,11208,2012,3,12
2012-03-24,11209,2012,3,12
2012-03-25,11209,2012,3,12
2012-03-26,11209,2012,3,13
2012-03-27,11209,2012,3,13
2012-03-28,11209,2012,3,13
2012-03-29,11209,2012,3,13
2012-03-30,11209,2012,3,13
2012-03-31,11210,2012,3,13
2012-04-01,11210,2012,4,13
2012-04-02,11210,2012,4,14
2012-04-03,11210,2012,4,14
2012-04-04,11210,2012,4,14
2012-04-05,11210,2012,4,14
2012-04-06,11210,2012,4,14
2012-04-07,11211,2012,4,14
2012-04-08,11211,2012,4,14
2012-04-09,11211,2012,4,15
2012-04-10,11211,2012,4,15
2012-04-11,11211,2012,4,15
2012-04-12,11211,2012,4,15
2012-04-13,11211,2012,4,15
2012-04-14,11212,2012,4,15
2012-04-15,11212,2012,4,15
2012-04-16,11212,2012,4,16
2012-04-17,11212,2012,4,16
2012-04-18,11212,2012,4,16
2012-04-19,11212,2012,4,16
2012-04-20,11212,2012,4,16
2012-04-21,11213,2012,4,16
2012-04-22,11213,2012,4,16
2012-04-23,11213,2012,4,17
2012-04-24,11213,2012,4,17
2012-04-25,11213,2012,4,17
2012-04-26,11213,2012,4,17
2012-04-27,11213,2012,4,17
2012-04-28,11214,2012,4,17
2012-04-29,11214,2012,4,17
2012-04-30,11214,2012,4,18
2012-05-01,11214,2012,5,18
2012-05-02,11214,2012,5,18
2012-05-03,11214,2012,5,18
2012-05-04,11214,2012,5,18
2012-05-05,11215,2012,5,18
2012-05-06,11215,2012,5,18
2012-05-07,11215,2012,5,19
2012-05-08,11215,2012,5,19
2012-05-09,11215,2012,5,19
2012-05-10,11215,2012,5,19
2012-05-11,11215,2012,5,19
2012-05-12,11216,2012,5,19
2012-05-13,11216,2012,5,19
2012-05-14,11216,2012,5,20
2012-05-15,11216,2012,5,20
2012-05-16,11216,2012,5,20
2012-05-17,11216,2012,5,20
2012-05-18,11216,2012,5,20
2012-05-19,11217,2012,5,20
2012-05-20,11217,2012,5,20
2012-05-21,11217,2012,5,21
2012-05-22,11217,2012,5,21
2012-05-23,11217,2012,5,21
2012-05-24,11217,2012,5,21
2012-05-25,11217,2012,5,21
2012-05-26,11218,2012,5,21
2012-05-27,11218,2012,5,21
2012-05-28,11218,2012,5,22
2012-05-29,11218,2012,5,22
2012-05-30,11218,2012,5,22
2012-05-31,11218,2012,5,22
2012-06-01,11218,2012,6,22
2012-06-02,11219,2012,6,22
2012-06-03,11219,2012,6,22
2012-06-04,11219,2012,6,23
2012-06-05,11219,2012,6,23
2012-06-06,11219,2012,6,23
2012-06-07,11219,2012,6,23
2012-06-08,11219,2012,6,23
2012-06-09,11220,2012,6,23
2012-06-10,11220,2012,6,23
2012-06-11,11220,2012,6,24
2012-06-12,11220,2012,6,24
2012-06-13,11220,2012,6,24
2012-06-14,11220,2012,6,24
2012-06-15,11220,2012,6,24
2012-06-16,11221,2012,6,24
2012-06-17,11221,2012,6,24
2012-06-18,11221,2012,6,25
2012-06-19,11221,2012,6,25
2012-06-20,11221,2012,6,25
2012-06-21,11221,2012,6,25
2012-06-22,11221,2012,6,25
2012-06-23,11222,2012,6,25
2012-06-24,11222,2012,6,25
2012-06-25,11222,2012,6,26
2012-06-26,11222,2012,6,26
2012-06-27,11222,2012,6,26
2012-06-28,11222,2012,6,26
2012-06-29,11222,2012,6,26
2012-06-30,11223,2012,6,26
2012-07-01,11223,2012,7,26
2012-07-02,11223,2012,7,27
2012-07-03,11223,2012,7,27
2012-07-04,11223,2012,7,27
2012-07-05,11223,2012,7,27
2012-07-06,11223,2012,7,27
2012-07-07,11224,2012,7,27
2012-07-08,11224,2012,7,27
2012-07-09,11224,2012,7,28
2012-07-10,11224,2012,7,28
2012-07-11,11224,2012,7,28
2012-07-12,11224,2012,7,28
2012-07-13,11224,2012,7,28
2012-07-14,11225,2012,7,28
2012-07-15,11225,2012,7,28
2012-07-16,11225,2012,7,29
2012-07-17,11225,2012,7,29
2012-07-18,11225,2012,7,29
2012-07-19,11225,2012,7,29
2012-07-20,11225,2012,7,29
2012-07-21,11226,2012,7,29
2012-07-22,11226,2012,7,29
2012-07-23,11226,2012,7,30
2012-07-24,11226,2012,7,30
2012-07-25,11226,2012,7,30
2012-07-26,11226,2012,7,30
2012-07-27,11226,2012,7,30
2012-07-28,11227,2012,7,30
2012-07-29,11227,2012,7,30
2012-07-30,11227,2012,7,31
2012-07-31,11227,2012,7,31
2012-08-01,11227,2012,8,31
2012-08-02,11227,2012,8,31
2012-08-03,11227,2012,8,31
2012-08-04,11228,2012,8,31
2012-08-05,11228,2012,8,31
2012-08-06,11228,2012,8,32
2012-08-07,11228,2012,8,32
2012-08-08,11228,2012,8,32
2012-08-09,11228,2012,8,32
2012-08-10,11228,2012,8,32
2012-08-11,11229,2012,8,32
2012-08-12,11229,2012,8,32
2012-08-13,11229,2012,8,33
2012-08-14,11229,2012,8,33
2012-08-15,11229,2012,8,33
2012-08-16,11229,2012,8,33
2012-08-17,11229,2012,8,33
2012-08-18,11230,2012,8,33
2012-08-19,11230,2012,8,33
2012-08-20,11230,2012,8,34
2012-08-21,11230,2012,8,34
2012-08-22,11230,2012,8,34
2012-08-23,11230,2012,8,34
2012-08-24,11230,2012,8,34
2012-08-25,11231,2012,8,34
2012-08-26,11231,2012,8,34
2012-08-27,11231,2012,8,35
2012-08-28,11231,2012,8,35
2012-08-29,11231,2012,8,35
2012-08-30,11231,2012,8,35
2012-08-31,11231,2012,8,35
2012-09-01,11232,2012,9,35
2012-09-02,11232,2012,9,35
2012-09-03,11232,2012,9,36
2012-09-04,11232,2012,9,36
2012-09-05,11232,2012,9,36
2012-09-06,11232,2012,9,36
2012-09-07,11232,2012,9,36
2012-09-08,11233,2012,9,36
2012-09-09,11233,2012,9,36
2012-09-10,11233,2012,9,37
2012-09-11,11233,2012,9,37
2012-09-12,11233,2012,9,37
2012-09-13,11233,2012,9,37
2012-09-14,11233,2012,9,37
2012-09-15,11234,2012,9,37
2012-09-16,11234,2012,9,37
2012-09-17,11234,2012,9,38
2012-09-18,11234,2012,9,38
2012-09-19,11234,2012,9,38
2012-09-20,11234,2012,9,38
2012-09-21,11234,2012,9,38
2012-09-22,11235,2012,9,38
2012-09-23,11235,2012,9,38
2012-09-24,11235,2012,9,39
2012-09-25,11235,2012,9,39
2012-09-26,11235,2012,9,39
2012-09-27,11235,2012,9,39
2012-09-28,11235,2012,9,39
2012-09-29,11236,2012,9,39
2012-09-30,11236,2012,9,39
2012-10-01,11236,2012,10,40
2012-10-02,11236,2012,10,40
2012-10-03,11236,2012,10,40
2012-10-04,11236,2012,10,40
2012-10-05,11236,2012,10,40
2012-10-06,11237,2012,10,40
2012-10-07,11237,2012,10,40
2012-10-08,11237,2012,10,41
2012-10-09,11237,2012,10,41
2012-10-10,11237,2012,10,41
2012-10-11,11237,2012,10,41
2012-10-12,11237,2012,10,41
2012-10-13,11238,2012,10,41
2012-10-14,11238,2012,10,41
2012-10-15,11238,2012,10,42
2012-10-16,11238,2012,10,42
2012-10-17,11238,2012,10,42
2012-10-18,11238,2012,10,42
2012-10-19,11238,2012,10,42
2012-10-20,11239,2012,10,42
2012-10-21,11239,2012,10,42
2012-10-22,11239,2012,10,43
2012-10-23,11239,2012,10,43
2012-10-24,11239,2012,10,43
2012-10-25,11239,2012,10,43
2012-10-26,11239,2012,10,43
2012-10-27,11240,2012,10,43
2012-10-28,11240,2012,10,43
2012-10-29,11240,2012,10,44
2012-10-30,11240,2012,10,44
2012-10-31,11240,2012,10,44
2012-11-01,11240,2012,11,44
2012-11-02,11240,2012,11,44
2012-11-03,11241,2012,11,44
2012-11-04,11241,2012,11,44
2012-11-05,11241,2012,11,45
2012-11-06,11241,2012,11,45
2012-11-07,11241,2012,11,45
2012-11-08,11241,2012,11,45
2012-11-09,11241,2012,11,45
2012-11-10,11242,2012,11,45
2012-11-11,11242,2012,11,45
2012-11-12,11242,2012,11,46
2012-11-13,11242,2012,11,46
2012-11-14,11242,2012,11,46
2012-11-15,11242,2012,11,46
2012-11-16,11242,2012,11,46
2012-11-17,11243,2012,11,46
2012-11-18,11243,2012,11,46
2012-11-19,11243,2012,11,47
2012-11-20,11243,2012,11,47
2012-11-21,11243,2012,11,47
2012-11-22,11243,2012,11,47
2012-11-23,11243,2012,11,47
2012-11-24,11244,2012,11,47
2012-11-25,11244,2012,11,47
2012-11-26,11244,2012,11,48
2012-11-27,11244,2012,11,48
2012-11-28,11244,2012,11,48
2012-11-29,11244,2012,11,48
2012-11-30,11244,2012,11,48
2012-12-01,11245,2012,12,48
2012-12-02,11245,2012,12,48
2012-12-03,11245,2012,12,49
2012-12-04,11245,2012,12,49
2012-12-05,11245,2012,12,49
2012-12-06,11245,2012,12,49
2012-12-07,11245,2012,12,49
2012-12-08,11246,2012,12,49
2012-12-09,11246,2012,12,49
2012-12-10,11246,2012,12,50
2012-12-11,11246,2012,12,50
2012-12-12,11246,2012,12,50
2012-12-13,11246,2012,12,50
2012-12-14,11246,2012,12,50
2012-12-15,11247,2012,12,50
2012-12-16,11247,2012,12,50
2012-12-17,11247,2012,12,51
2012-12-18,11247,2012,12,51
2012-12-19,11247,2012,12,51
2012-12-20,11247,2012,12,51
2012-12-21,11247,2012,12,51
2012-12-22,11248,2012,12,51
2012-12-23,11248,2012,12,51
2012-12-24,11248,2012,12,52
2012-12-25,11248,2012,12,52
2012-12-26,11248,2012,12,52
2012-12-27,11248,2012,12,52
2012-12-28,11248,2012,12,52
2012-12-29,11249,2012,12,52
2012-12-30,11249,2012,12,52
2012-12-31,11249,2012,12,1
2013-01-01,11249,2013,1,1
2013-01-02,11249,2013,1,1
2013-01-03,11249,2013,1,1
2013-01-04,11249,2013,1,1
2013-01-05,11250,2013,1,1
2013-01-06,11250,2013,1,1
2013-01-07,11250,2013,1,2
2013-01-08,11250,2013,1,2
2013-01-09,11250,2013,1,2
2013-01-10,11250,2013,1,2
2013-01-11,11250,2013,1,2
2013-01-12,11251,2013,1,2
2013-01-13,11251,2013,1,2
2013-01-14,11251,2013,1,3
2013-01-15,11251,2013,1,3
2013-01-16,11251,2013,1,3
2013-01-17,11251,2013,1,3
2013-01-18,11251,2013,1,3
2013-01-19,11252,2013,1,3
2013-01-20,11252,2013,1,3
2013-01-21,11252,2013,1,4
2013-01-22,11252,2013,1,4
2013-01-23,11252,2013,1,4
2013-01-24,11252,2013,1,4
2013-01-25,11252,2013,1,4
2013-01-26,11301,2013,1,4
2013-01-27,11301,2013,1,4
2013-01-28,11301,2013,1,5
2013-01-29,11301,2013,1,5
2013-01-30,11301,2013,1,5
2013-01-31,11301,2013,1,5
2013-02-01,11301,2013,2,5
2013-02-02,11302,2013,2,5
2013-02-03,11302,2013,2,5
2013-02-04,11302,2013,2,6
2013-02-05,11302,2013,2,6
2013-02-06,11302,2013,2,6
2013-02-07,11302,2013,2,6
2013-02-08,11302,2013,2,6
2013-02-09,11303,2013,2,6
2013-02-10,11303,2013,2,6
2013-02-11,11303,2013,2,7
2013-02-12,11303,2013,2,7
2013-02-13,11303,2013,2,7
2013-02-14,11303,2013,2,7
2013-02-15,11303,2013,2,7
2013-02-16,11304,2013,2,7
2013-02-17,11304,2013,2,7
2013-02-18,11304,2013,2,8
2013-02-19,11304,2013,2,8
2013-02-20,11304,2013,2,8
2013-02-21,11304,2013,2,8
2013-02-22,11304,2013,2,8
2013-02-23,11305,2013,2,8
2013-02-24,11305,2013,2,8
2013-02-25,11305,2013,2,9
2013-02-26,11305,2013,2,9
2013-02-27,11305,2013,2,9
2013-02-28,11305,2013,2,9
2013-03-01,11305,2013,3,9
2013-03-02,11306,2013,3,9
2013-03-03,11306,2013,3,9
2013-03-04,11306,2013,3,10
2013-03-05,11306,2013,3,10
2013-03-06,11306,2013,3,10
2013-03-07,11306,2013,3,10
2013-03-08,11306,2013,3,10
2013-03-09,11307,2013,3,10
2013-03-10,11307,2013,3,10
2013-03-11,11307,2013,3,11
2013-03-12,11307,2013,3,11
2013-03-13,11307,2013,3,11
2013-03-14,11307,2013,3,11
2013-03-15,11307,2013,3,11
2013-03-16,11308,2013,3,11
2013-03-17,11308,2013,3,11
2013-03-18,11308,2013,3,12
2013-03-19,11308,2013,3,12
2013-03-20,11308,2013,3,12
2013-03-21,11308,2013,3,12
2013-03-22,11308,2013,3,12
2013-03-23,11309,2013,3,12
2013-03-24,11309,2013,3,12
2013-03-25,11309,2013,3,13
2013-03-26,11309,2013,3,13
2013-03-27,11309,2013,3,13
2013-03-28,11309,2013,3,13
2013-03-29,11309,2013,3,13
2013-03-30,11310,2013,3,13
2013-03-31,11310,2013,3,13
2013-04-01,11310,2013,4,14
2013-04-02,11310,2013,4,14
2013-04-03,11310,2013,4,14
2013-04-04,11310,2013,4,14
2013-04-05,11310,2013,4,14
2013-04-06,11311,2013,4,14
2013-04-07,11311,2013,4,14
2013-04-08,11311,2013,4,15
2013-04-09,11311,2013,4,15
2013-04-10,11311,2013,4,15
2013-04-11,11311,2013,4,15
2013-04-12,11311,2013,4,15
2013-04-13,11312,2013,4,15
2013-04-14,11312,2013,4,15
2013-04-15,11312,2013,4,16
2013-04-16,11312,2013,4,16
2013-04-17,11312,2013,4,16
2013-04-18,11312,2013,4,16
2013-04-19,11312,2013,4,16
2013-04-20,11313,2013,4,16
2013-04-21,11313,2013,4,16
2013-04-22,11313,2013,4,17
2013-04-23,11313,2013,4,17
2013-04-24,11313,2013,4,17
2013-04-25,11313,2013,4,17
2013-04-26,11313,2013,4,17
2013-04-27,11314,2013,4,17
2013-04-28,11314,2013,4,17
2013-04-29,11314,2013,4,18
2013-04-30,11314,2013,4,18
2013-05-01,11314,2013,5,18
2013-05-02,11314,2013,5,18
2013-05-03,11314,2013,5,18
2013-05-04,11315,2013,5,18
2013-05-05,11315,2013,5,18
2013-05-06,11315,2013,5,19
2013-05-07,11315,2013,5,19
2013-05-08,11315,2013,5,19
2013-05-09,11315,2013,5,19
2013-05-10,11315,2013,5,19
2013-05-11,11316,2013,5,19
2013-05-12,11316,2013,5,19
2013-05-13,11316,2013,5,20
2013-05-14,11316,2013,5,20
2013-05-15,11316,2013,5,20
2013-05-16,11316,2013,5,20
2013-05-17,11316,2013,5,20
2013-05-18,11317,2013,5,20
2013-05-19,11317,2013,5,20
2013-05-20,11317,2013,5,21
2013-05-21,11317,2013,5,21
2013-05-22,11317,2013,5,21
2013-05-23,11317,2013,5,21
2013-05-24,11317,2013,5,21
2013-05-25,11318,2013,5,21
2013-05-26,11318,2013,5,21
2013-05-27,11318,2013,5,22
2013-05-28,11318,2013,5,22
2013-05-29,11318,2013,5,22
2013-05-30,11318,2013,5,22
2013-05-31,11318,2013,5,22
2013-06-01,11319,2013,6,22
2013-06-02,11319,2013,6,22
2013-06-03,11319,2013,6,23
2013-06-04,11319,2013,6,23
2013-06-05,11319,2013,6,23
2013-06-06,11319,2013,6,23
2013-06-07,11319,2013,6,23
2013-06-08,11320,2013,6,23
2013-06-09,11320,2013,6,23
2013-06-10,11320,2013,6,24
2013-06-11,11320,2013,6,24
2013-06-12,11320,2013,6,24
2013-06-13,11320,2013,6,24
2013-06-14,11320,2013,6,24
2013-06-15,11321,2013,6,24
2013-06-16,11321,2013,6,24
2013-06-17,11321,2013,6,25
2013-06-18,11321,2013,6,25
2013-06-19,11321,2013,6,25
2013-06-20,11321,2013,6,25
2013-06-21,11321,2013,6,25
2013-06-22,11322,2013,6,25
2013-06-23,11322,2013,6,25
2013-06-24,11322,2013,6,26
2013-06-25,11322,2013,6,26
2013-06-26,11322,2013,6,26
2013-06-27,11322,2013,6,26
2013-06-28,11322,2013,6,26
2013-06-29,11323,2013,6,26
2013-06-30,11323,2013,6,26
2013-07-01,11323,2013,7,27
2013-07-02,11323,2013,7,27
2013-07-03,11323,2013,7,27
2013-07-04,11323,2013,7,27
2013-07-05,11323,2013,7,27
2013-07-06,11324,2013,7,27
2013-07-07,11324,2013,7,27
2013-07-08,11324,2013,7,28
2013-07-09,11324,2013,7,28
2013-07-10,11324,2013,7,28
2013-07-11,11324,2013,7,28
2013-07-12,11324,2013,7,28
2013-07-13,11325,2013,7,28
2013-07-14,11325,2013,7,28
2013-07-15,11325,2013,7,29
2013-07-16,11325,2013,7,29
2013-07-17,11325,2013,7,29
2013-07-18,11325,2013,7,29
2013-07-19,11325,2013,7,29
2013-07-20,11326,2013,7,29
2013-07-21,11326,2013,7,29
2013-07-22,11326,2013,7,30
2013-07-23,11326,2013,7,30
2013-07-24,11326,2013,7,30
2013-07-25,11326,2013,7,30
2013-07-26,11326,2013,7,30
2013-07-27,11327,2013,7,30
2013-07-28,11327,2013,7,30
2013-07-29,11327,2013,7,31
2013-07-30,11327,2013,7,31
2013-07-31,11327,2013,7,31
2013-08-01,11327,2013,8,31
2013-08-02,11327,2013,8,31
2013-08-03,11328,2013,8,31
2013-08-04,11328,2013,8,31
2013-08-05,11328,2013,8,32
2013-08-06,11328,2013,8,32
2013-08-07,11328,2013,8,32
2013-08-08,11328,2013,8,32
2013-08-09,11328,2013,8,32
2013-08-10,11329,2013,8,32
2013-08-11,11329,2013,8,32
2013-08-12,11329,2013,8,33
2013-08-13,11329,2013,8,33
2013-08-14,11329,2013,8,33
2013-08-15,11329,2013,8,33
2013-08-16,11329,2013,8,33
2013-08-17,11330,2013,8,33
2013-08-18,11330,2013,8,33
2013-08-19,11330,2013,8,34
2013-08-20,11330,2013,8,34
2013-08-21,11330,2013,8,34
2013-08-22,11330,2013,8,34
2013-08-23,11330,2013,8,34
2013-08-24,11331,2013,8,34
2013-08-25,11331,2013,8,34
2013-08-26,11331,2013,8,35
2013-08-27,11331,2013,8,35
2013-08-28,11331,2013,8,35
2013-08-29,11331,2013,8,35
2013-08-30,11331,2013,8,35
2013-08-31,11332,2013,8,35
2013-09-01,11332,2013,9,35
2013-09-02,11332,2013,9,36
2013-09-03,11332,2013,9,36
2013-09-04,11332,2013,9,36
2013-09-05,11332,2013,9,36
2013-09-06,11332,2013,9,36
2013-09-07,11333,2013,9,36
2013-09-08,11333,2013,9,36
2013-09-09,11333,2013,9,37
2013-09-10,11333,2013,9,37
2013-09-11,11333,2013,9,37
2013-09-12,11333,2013,9,37
2013-09-13,11333,2013,9,37
2013-09-14,11334,2013,9,37
2013-09-15,11334,2013,9,37
2013-09-16,11334,2013,9,38
2013-09-17,11334,2013,9,38
2013-09-18,11334,2013,9,38
2013-09-19,11334,2013,9,38
2013-09-20,11334,2013,9,38
2013-09-21,11335,2013,9,38
2013-09-22,11335,2013,9,38
2013-09-23,11335,2013,9,39
2013-09-24,11335,2013,9,39
2013-09-25,11335,2013,9,39
2013-09-26,11335,2013,9,39
2013-09-27,11335,2013,9,39
2013-09-28,11336,2013,9,39
2013-09-29,11336,2013,9,39
2013-09-30,11336,2013,9,40
2013-10-01,11336,2013,10,40
2013-10-02,11336,2013,10,40
2013-10-03,11336,2013,10,40
2013-10-04,11336,2013,10,40
2013-10-05,11337,2013,10,40
2013-10-06,11337,2013,10,40
2013-10-07,11337,2013,10,41
2013-10-08,11337,2013,10,41
2013-10-09,11337,2013,10,41
2013-10-10,11337,2013,10,41
2013-10-11,11337,2013,10,41
2013-10-12,11338,2013,10,41
2013-10-13,11338,2013,10,41
2013-10-14,11338,2013,10,42
2013-10-15,11338,2013,10,42
2013-10-16,11338,2013,10,42
2013-10-17,11338,2013,10,42
2013-10-18,11338,2013,10,42
2013-10-19,11339,2013,10,42
2013-10-20,11339,2013,10,42
2013-10-21,11339,2013,10,43
2013-10-22,11339,2013,10,43
2013-10-23,11339,2013,10,43
2013-10-24,11339,2013,10,43
2013-10-25,11339,2013,10,43
2013-10-26,11340,2013,10,43
2013-10-27,11340,2013,10,43
2013-10-28,11340,2013,10,44
2013-10-29,11340,2013,10,44
2013-10-30,11340,2013,10,44
2013-10-31,11340,2013,10,44
2013-11-01,11340,2013,11,44
2013-11-02,11341,2013,11,44
2013-11-03,11341,2013,11,44
2013-11-04,11341,2013,11,45
2013-11-05,11341,2013,11,45
2013-11-06,11341,2013,11,45
2013-11-07,11341,2013,11,45
2013-11-08,11341,2013,11,45
2013-11-09,11342,2013,11,45
2013-11-10,11342,2013,11,45
2013-11-11,11342,2013,11,46
2013-11-12,11342,2013,11,46
2013-11-13,11342,2013,11,46
2013-11-14,11342,2013,11,46
2013-11-15,11342,2013,11,46
2013-11-16,11343,2013,11,46
2013-11-17,11343,2013,11,46
2013-11-18,11343,2013,11,47
2013-11-19,11343,2013,11,47
2013-11-20,11343,2013,11,47
2013-11-21,11343,2013,11,47
2013-11-22,11343,2013,11,47
2013-11-23,11344,2013,11,47
2013-11-24,11344,2013,11,47
2013-11-25,11344,2013,11,48
2013-11-26,11344,2013,11,48
2013-11-27,11344,2013,11,48
2013-11-28,11344,2013,11,48
2013-11-29,11344,2013,11,48
2013-11-30,11345,2013,11,48
2013-12-01,11345,2013,12,48
2013-12-02,11345,2013,12,49
2013-12-03,11345,2013,12,49
2013-12-04,11345,2013,12,49
2013-12-05,11345,2013,12,49
2013-12-06,11345,2013,12,49
2013-12-07,11346,2013,12,49
2013-12-08,11346,2013,12,49
2013-12-09,11346,2013,12,50
2013-12-10,11346,2013,12,50
2013-12-11,11346,2013,12,50
2013-12-12,11346,2013,12,50
2013-12-13,11346,2013,12,50
2013-12-14,11347,2013,12,50
2013-12-15,11347,2013,12,50
2013-12-16,11347,2013,12,51
2013-12-17,11347,2013,12,51
2013-12-18,11347,2013,12,51
2013-12-19,11347,2013,12,51
2013-12-20,11347,2013,12,51
2013-12-21,11348,2013,12,51
2013-12-22,11348,2013,12,51
2013-12-23,11348,2013,12,52
2013-12-24,11348,2013,12,52
2013-12-25,11348,2013,12,52
2013-12-26,11348,2013,12,52
2013-12-27,11348,2013,12,52
2013-12-28,11349,2013,12,52
2013-12-29,11349,2013,12,52
2013-12-30,11349,2013,12,1
2013-12-31,11349,2013,12,1
2014-01-01,11349,2014,1,1
2014-01-02,11349,2014,1,1
2014-01-03,11349,2014,1,1
2014-01-04,11350,2014,1,1
2014-01-05,11350,2014,1,1
2014-01-06,11350,2014,1,2
2014-01-07,11350,2014,1,2
2014-01-08,11350,2014,1,2
2014-01-09,11350,2014,1,2
2014-01-10,11350,2014,1,2
2014-01-11,11351,2014,1,2
2014-01-12,11351,2014,1,2
2014-01-13,11351,2014,1,3
2014-01-14,11351,2014,1,3
2014-01-15,11351,2014,1,3
2014-01-16,11351,2014,1,3
2014-01-17,11351,2014,1,3
2014-01-18,11352,2014,1,3
2014-01-19,11352,2014,1,3
2014-01-20,11352,2014,1,4
2014-01-21,11352,2014,1,4
2014-01-22,11352,2014,1,4
2014-01-23,11352,2014,1,4
2014-01-24,11352,2014,1,4
2014-01-25,11353,2014,1,4
2014-01-26,11353,2014,1,4
2014-01-27,11353,2014,1,5
2014-01-28,11353,2014,1,5
2014-01-29,11353,2014,1,5
2014-01-30,11353,2014,1,5
2014-01-31,11353,2014,1,5
2014-02-01,11401,2014,2,5
2014-02-02,11401,2014,2,5
2014-02-03,11401,2014,2,6
2014-02-04,11401,2014,2,6
2014-02-05,11401,2014,2,6
2014-02-06,11401,2014,2,6
2014-02-07,11401,2014,2,6
2014-02-08,11402,2014,2,6
2014-02-09,11402,2014,2,6
2014-02-10,11402,2014,2,7
2014-02-11,11402,2014,2,7
2014-02-12,11402,2014,2,7
2014-02-13,11402,2014,2,7
2014-02-14,11402,2014,2,7
2014-02-15,11403,2014,2,7
2014-02-16,11403,2014,2,7
2014-02-17,11403,2014,2,8
2014-02-18,11403,2014,2,8
2014-02-19,11403,2014,2,8
2014-02-20,11403,2014,2,8
2014-02-21,11403,2014,2,8
2014-02-22,11404,2014,2,8
2014-02-23,11404,2014,2,8
2014-02-24,11404,2014,2,9
2014-02-25,11404,2014,2,9
2014-02-26,11404,2014,2,9
2014-02-27,11404,2014,2,9
2014-02-28,11404,2014,2,9
2014-03-01,11405,2014,3,9
2014-03-02,11405,2014,3,9
2014-03-03,11405,2014,3,10
2014-03-04,11405,2014,3,10
2014-03-05,11405,2014,3,10
2014-03-06,11405,2014,3,10
2014-03-07,11405,2014,3,10
2014-03-08,11406,2014,3,10
2014-03-09,11406,2014,3,10
2014-03-10,11406,2014,3,11
2014-03-11,11406,2014,3,11
2014-03-12,11406,2014,3,11
2014-03-13,11406,2014,3,11
2014-03-14,11406,2014,3,11
2014-03-15,11407,2014,3,11
2014-03-16,11407,2014,3,11
2014-03-17,11407,2014,3,12
2014-03-18,11407,2014,3,12
2014-03-19,11407,2014,3,12
2014-03-20,11407,2014,3,12
2014-03-21,11407,2014,3,12
2014-03-22,11408,2014,3,12
2014-03-23,11408,2014,3,12
2014-03-24,11408,2014,3,13
2014-03-25,11408,2014,3,13
2014-03-26,11408,2014,3,13
2014-03-27,11408,2014,3,13
2014-03-28,11408,2014,3,13
2014-03-29,11409,2014,3,13
2014-03-30,11409,2014,3,13
2014-03-31,11409,2014,3,14
2014-04-01,11409,2014,4,14
2014-04-02,11409,2014,4,14
2014-04-03,11409,2014,4,14
2014-04-04,11409,2014,4,14
2014-04-05,11410,2014,4,14
2014-04-06,11410,2014,4,14
2014-04-07,11410,2014,4,15
2014-04-08,11410,2014,4,15
2014-04-09,11410,2014,4,15
2014-04-10,11410,2014,4,15
2014-04-11,11410,2014,4,15
2014-04-12,11411,2014,4,15
2014-04-13,11411,2014,4,15
2014-04-14,11411,2014,4,16
2014-04-15,11411,2014,4,16
2014-04-16,11411,2014,4,16
2014-04-17,11411,2014,4,16
2014-04-18,11411,2014,4,16
2014-04-19,11412,2014,4,16
2014-04-20,11412,2014,4,16
2014-04-21,11412,2014,4,17
2014-04-22,11412,2014,4,17
2014-04-23,11412,2014,4,17
2014-04-24,11412,2014,4,17
2014-04-25,11412,2014,4,17
2014-04-26,11413,2014,4,17
2014-04-27,11413,2014,4,17
2014-04-28,11413,2014,4,18
2014-04-29,11413,2014,4,18
2014-04-30,11413,2014,4,18
2014-05-01,11413,2014,5,18
2014-05-02,11413,2014,5,18
2014-05-03,11414,2014,5,18
2014-05-04,11414,2014,5,18
2014-05-05,11414,2014,5,19
2014-05-06,11414,2014,5,19
2014-05-07,11414,2014,5,19
2014-05-08,11414,2014,5,19
2014-05-09,11414,2014,5,19
2014-05-10,11415,2014,5,19
2014-05-11,11415,2014,5,19
2014-05-12,11415,2014,5,20
2014-05-13,11415,2014,5,20
2014-05-14,11415,2014,5,20
2014-05-15,11415,2014,5,20
2014-05-16,11415,2014,5,20
2014-05-17,11416,2014,5,20
2014-05-18,11416,2014,5,20
2014-05-19,11416,2014,5,21
2014-05-20,11416,2014,5,21
2014-05-21,11416,2014,5,21
2014-05-22,11416,2014,5,21
2014-05-23,11416,2014,5,21
2014-05-24,11417,2014,5,21
2014-05-25,11417,2014,5,21
2014-05-26,11417,2014,5,22
2014-05-27,11417,2014,5,22
2014-05-28,11417,2014,5,22
2014-05-29,11417,2014,5,22
2014-05-30,11417,2014,5,22
2014-05-31,11418,2014,5,22
2014-06-01,11418,2014,6,22
2014-06-02,11418,2014,6,23
2014-06-03,11418,2014,6,23
2014-06-04,11418,2014,6,23
2014-06-05,11418,2014,6,23
2014-06-06,11418,2014,6,23
2014-06-07,11419,2014,6,23
2014-06-08,11419,2014,6,23
2014-06-09,11419,2014,6,24
2014-06-10,11419,2014,6,24
2014-06-11,11419,2014,6,24
2014-06-12,11419,2014,6,24
2014-06-13,11419,2014,6,24
2014-06-14,11420,2014,6,24
2014-06-15,11420,2014,6,24
2014-06-16,11420,2014,6,25
2014-06-17,11420,2014,6,25
2014-06-18,11420,2014,6,25
2014-06-19,11420,2014,6,25
2014-06-20,11420,2014,6,25
2014-06-21,11421,2014,6,25
2014-06-22,11421,2014,6,25
2014-06-23,11421,2014,6,26
2014-06-24,11421,2014,6,26
2014-06-25,11421,2014,6,26
2014-06-26,11421,2014,6,26
2014-06-27,11421,2014,6,26
2014-06-28,11422,2014,6,26
2014-06-29,11422,2014,6,26
2014-06-30,11422,2014,6,27
2014-07-01,11422,2014,7,27
2014-07-02,11422,2014,7,27
2014-07-03,11422,2014,7,27
2014-07-04,11422,2014,7,27
2014-07-05,11423,2014,7,27
2014-07-06,11423,2014,7,27
2014-07-07,11423,2014,7,28
2014-07-08,11423,2014,7,28
2014-07-09,11423,2014,7,28
2014-07-10,11423,2014,7,28
2014-07-11,11423,2014,7,28
2014-07-12,11424,2014,7,28
2014-07-13,11424,2014,7,28
2014-07-14,11424,2014,7,29
2014-07-15,11424,2014,7,29
2014-07-16,11424,2014,7,29
2014-07-17,11424,2014,7,29
2014-07-18,11424,2014,7,29
2014-07-19,11425,2014,7,29
2014-07-20,11425,2014,7,29
2014-07-21,11425,2014,7,30
2014-07-22,11425,2014,7,30
2014-07-23,11425,2014,7,30
2014-07-24,11425,2014,7,30
2014-07-25,11425,2014,7,30
2014-07-26,11426,2014,7,30
2014-07-27,11426,2014,7,30
2014-07-28,11426,2014,7,31
2014-07-29,11426,2014,7,31
2014-07-30,11426,2014,7,31
2014-07-31,11426,2014,7,31
2014-08-01,11426,2014,8,31
2014-08-02,11427,2014,8,31
2014-08-03,11427,2014,8,31
2014-08-04,11427,2014,8,32
2014-08-05,11427,2014,8,32
2014-08-06,11427,2014,8,32
2014-08-07,11427,2014,8,32
2014-08-08,11427,2014,8,32
2014-08-09,11428,2014,8,32
2014-08-10,11428,2014,8,32
2014-08-11,11428,2014,8,33
2014-08-12,11428,2014,8,33
2014-08-13,11428,2014,8,33
2014-08-14,11428,2014,8,33
2014-08-15,11428,2014,8,33
2014-08-16,11429,2014,8,33
2014-08-17,11429,2014,8,33
2014-08-18,11429,2014,8,34
2014-08-19,11429,2014,8,34
2014-08-20,11429,2014,8,34
2014-08-21,11429,2014,8,34
2014-08-22,11429,2014,8,34
2014-08-23,11430,2014,8,34
2014-08-24,11430,2014,8,34
2014-08-25,11430,2014,8,35
2014-08-26,11430,2014,8,35
2014-08-27,11430,2014,8,35
2014-08-28,11430,2014,8,35
2014-08-29,11430,2014,8,35
2014-08-30,11431,2014,8,35
2014-08-31,11431,2014,8,35
2014-09-01,11431,2014,9,36
2014-09-02,11431,2014,9,36
2014-09-03,11431,2014,9,36
2014-09-04,11431,2014,9,36
2014-09-05,11431,2014,9,36
2014-09-06,11432,2014,9,36
2014-09-07,11432,2014,9,36
2014-09-08,11432,2014,9,37
2014-09-09,11432,2014,9,37
2014-09-10,11432,2014,9,37
2014-09-11,11432,2014,9,37
2014-09-12,11432,2014,9,37
2014-09-13,11433,2014,9,37
2014-09-14,11433,2014,9,37
2014-09-15,11433,2014,9,38
2014-09-16,11433,2014,9,38
2014-09-17,11433,2014,9,38
2014-09-18,11433,2014,9,38
2014-09-19,11433,2014,9,38
2014-09-20,11434,2014,9,38
2014-09-21,11434,2014,9,38
2014-09-22,11434,2014,9,39
2014-09-23,11434,2014,9,39
2014-09-24,11434,2014,9,39
2014-09-25,11434,2014,9,39
2014-09-26,11434,2014,9,39
2014-09-27,11435,2014,9,39
2014-09-28,11435,2014,9,39
2014-09-29,11435,2014,9,40
2014-09-30,11435,2014,9,40
2014-10-01,11435,2014,10,40
2014-10-02,11435,2014,10,40
2014-10-03,11435,2014,10,40
2014-10-04,11436,2014,10,40
2014-10-05,11436,2014,10,40
2014-10-06,11436,2014,10,41
2014-10-07,11436,2014,10,41
2014-10-08,11436,2014,10,41
2014-10-09,11436,2014,10,41
2014-10-10,11436,2014,10,41
2014-10-11,11437,2014,10,41
2014-10-12,11437,2014,10,41
2014-10-13,11437,2014,10,42
2014-10-14,11437,2014,10,42
2014-10-15,11437,2014,10,42
2014-10-16,11437,2014,10,42
2014-10-17,11437,2014,10,42
2014-10-18,11438,2014,10,42
2014-10-19,11438,2014,10,42
2014-10-20,11438,2014,10,43
2014-10-21,11438,2014,10,43
2014-10-22,11438,2014,10,43
2014-10-23,11438,2014,10,43
2014-10-24,11438,2014,10,43
2014-10-25,11439,2014,10,43
2014-10-26,11439,2014,10,43
2014-10-27,11439,2014,10,44
2014-10-28,11439,2014,10,44
2014-10-29,11439,2014,10,44
2014-10-30,11439,2014,10,44
2014-10-31,11439,2014,10,44
2014-11-01,11440,2014,11,44
2014-11-02,11440,2014,11,44
2014-11-03,11440,2014,11,45
2014-11-04,11440,2014,11,45
2014-11-05,11440,2014,11,45
2014-11-06,11440,2014,11,45
2014-11-07,11440,2014,11,45
2014-11-08,11441,2014,11,45
2014-11-09,11441,2014,11,45
2014-11-10,11441,2014,11,46
2014-11-11,11441,2014,11,46
2014-11-12,11441,2014,11,46
2014-11-13,11441,2014,11,46
2014-11-14,11441,2014,11,46
2014-11-15,11442,2014,11,46
2014-11-16,11442,2014,11,46
2014-11-17,11442,2014,11,47
2014-11-18,11442,2014,11,47
2014-11-19,11442,2014,11,47
2014-11-20,11442,2014,11,47
2014-11-21,11442,2014,11,47
2014-11-22,11443,2014,11,47
2014-11-23,11443,2014,11,47
2014-11-24,11443,2014,11,48
2014-11-25,11443,2014,11,48
2014-11-26,11443,2014,11,48
2014-11-27,11443,2014,11,48
2014-11-28,11443,2014,11,48
2014-11-29,11444,2014,11,48
2014-11-30,11444,2014,11,48
2014-12-01,11444,2014,12,49
2014-12-02,11444,2014,12,49
2014-12-03,11444,2014,12,49
2014-12-04,11444,2014,12,49
2014-12-05,11444,2014,12,49
2014-12-06,11445,2014,12,49
2014-12-07,11445,2014,12,49
2014-12-08,11445,2014,12,50
2014-12-09,11445,2014,12,50
2014-12-10,11445,2014,12,50
2014-12-11,11445,2014,12,50
2014-12-12,11445,2014,12,50
2014-12-13,11446,2014,12,50
2014-12-14,11446,2014,12,50
2014-12-15,11446,2014,12,51
2014-12-16,11446,2014,12,51
2014-12-17,11446,2014,12,51
2014-12-18,11446,2014,12,51
2014-12-19,11446,2014,12,51
2014-12-20,11447,2014,12,51
2014-12-21,11447,2014,12,51
2014-12-22,11447,2014,12,52
2014-12-23,11447,2014,12,52
2014-12-24,11447,2014,12,52
2014-12-25,11447,2014,12,52
2014-12-26,11447,2014,12,52
2014-12-27,11448,2014,12,52
2014-12-28,11448,2014,12,52
2014-12-29,11448,2014,12,1
2014-12-30,11448,2014,12,1
2014-12-31,11448,2014,12,1
2015-01-01,11448,2015,1,1
2015-01-02,11448,2015,1,1
2015-01-03,11449,2015,1,1
2015-01-04,11449,2015,1,1
2015-01-05,11449,2015,1,2
2015-01-06,11449,2015,1,2
2015-01-07,11449,2015,1,2
2015-01-08,11449,2015,1,2
2015-01-09,11449,2015,1,2
2015-01-10,11450,2015,1,2
2015-01-11,11450,2015,1,2
2015-01-12,11450,2015,1,3
2015-01-13,11450,2015,1,3
2015-01-14,11450,2015,1,3
2015-01-15,11450,2015,1,3
2015-01-16,11450,2015,1,3
2015-01-17,11451,2015,1,3
2015-01-18,11451,2015,1,3
2015-01-19,11451,2015,1,4
2015-01-20,11451,2015,1,4
2015-01-21,11451,2015,1,4
2015-01-22,11451,2015,1,4
2015-01-23,11451,2015,1,4
2015-01-24,11452,2015,1,4
2015-01-25,11452,2015,1,4
2015-01-26,11452,2015,1,5
2015-01-27,11452,2015,1,5
2015-01-28,11452,2015,1,5
2015-01-29,11452,2015,1,5
2015-01-30,11452,2015,1,5
2015-01-31,11501,2015,1,5
2015-02-01,11501,2015,2,5
2015-02-02,11501,2015,2,6
2015-02-03,11501,2015,2,6
2015-02-04,11501,2015,2,6
2015-02-05,11501,2015,2,6
2015-02-06,11501,2015,2,6
2015-02-07,11502,2015,2,6
2015-02-08,11502,2015,2,6
2015-02-09,11502,2015,2,7
2015-02-10,11502,2015,2,7
2015-02-11,11502,2015,2,7
2015-02-12,11502,2015,2,7
2015-02-13,11502,2015,2,7
2015-02-14,11503,2015,2,7
2015-02-15,11503,2015,2,7
2015-02-16,11503,2015,2,8
2015-02-17,11503,2015,2,8
2015-02-18,11503,2015,2,8
2015-02-19,11503,2015,2,8
2015-02-20,11503,2015,2,8
2015-02-21,11504,2015,2,8
2015-02-22,11504,2015,2,8
2015-02-23,11504,2015,2,9
2015-02-24,11504,2015,2,9
2015-02-25,11504,2015,2,9
2015-02-26,11504,2015,2,9
2015-02-27,11504,2015,2,9
2015-02-28,11505,2015,2,9
2015-03-01,11505,2015,3,9
2015-03-02,11505,2015,3,10
2015-03-03,11505,2015,3,10
2015-03-04,11505,2015,3,10
2015-03-05,11505,2015,3,10
2015-03-06,11505,2015,3,10
2015-03-07,11506,2015,3,10
2015-03-08,11506,2015,3,10
2015-03-09,11506,2015,3,11
2015-03-10,11506,2015,3,11
2015-03-11,11506,2015,3,11
2015-03-12,11506,2015,3,11
2015-03-13,11506,2015,3,11
2015-03-14,11507,2015,3,11
2015-03-15,11507,2015,3,11
2015-03-16,11507,2015,3,12
2015-03-17,11507,2015,3,12
2015-03-18,11507,2015,3,12
2015-03-19,11507,2015,3,12
2015-03-20,11507,2015,3,12
2015-03-21,11508,2015,3,12
2015-03-22,11508,2015,3,12
2015-03-23,11508,2015,3,13
2015-03-24,11508,2015,3,13
2015-03-25,11508,2015,3,13
2015-03-26,11508,2015,3,13
2015-03-27,11508,2015,3,13
2015-03-28,11509,2015,3,13
2015-03-29,11509,2015,3,13
2015-03-30,11509,2015,3,14
2015-03-31,11509,2015,3,14
2015-04-01,11509,2015,4,14
2015-04-02,11509,2015,4,14
2015-04-03,11509,2015,4,14
2015-04-04,11510,2015,4,14
2015-04-05,11510,2015,4,14
2015-04-06,11510,2015,4,15
2015-04-07,11510,2015,4,15
2015-04-08,11510,2015,4,15
2015-04-09,11510,2015,4,15
2015-04-10,11510,2015,4,15
2015-04-11,11511,2015,4,15
2015-04-12,11511,2015,4,15
2015-04-13,11511,2015,4,16
2015-04-14,11511,2015,4,16
2015-04-15,11511,2015,4,16
2015-04-16,11511,2015,4,16
2015-04-17,11511,2015,4,16
2015-04-18,11512,2015,4,16
2015-04-19,11512,2015,4,16
2015-04-20,11512,2015,4,17
2015-04-21,11512,2015,4,17
2015-04-22,11512,2015,4,17
2015-04-23,11512,2015,4,17
2015-04-24,11512,2015,4,17
2015-04-25,11513,2015,4,17
2015-04-26,11513,2015,4,17
2015-04-27,11513,2015,4,18
2015-04-28,11513,2015,4,18
2015-04-29,11513,2015,4,18
2015-04-30,11513,2015,4,18
2015-05-01,11513,2015,5,18
2015-05-02,11514,2015,5,18
2015-05-03,11514,2015,5,18
2015-05-04,11514,2015,5,19
2015-05-05,11514,2015,5,19
2015-05-06,11514,2015,5,19
2015-05-07,11514,2015,5,19
2015-05-08,11514,2015,5,19
2015-05-09,11515,2015,5,19
2015-05-10,11515,2015,5,19
2015-05-11,11515,2015,5,20
2015-05-12,11515,2015,5,20
2015-05-13,11515,2015,5,20
2015-05-14,11515,2015,5,20
2015-05-15,11515,2015,5,20
2015-05-16,11516,2015,5,20
2015-05-17,11516,2015,5,20
2015-05-18,11516,2015,5,21
2015-05-19,11516,2015,5,21
2015-05-20,11516,2015,5,21
2015-05-21,11516,2015,5,21
2015-05-22,11516,2015,5,21
2015-05-23,11517,2015,5,21
2015-05-24,11517,2015,5,21
2015-05-25,11517,2015,5,22
2015-05-26,11517,2015,5,22
2015-05-27,11517,2015,5,22
2015-05-28,11517,2015,5,22
2015-05-29,11517,2015,5,22
2015-05-30,11518,2015,5,22
2015-05-31,11518,2015,5,22
2015-06-01,11518,2015,6,23
2015-06-02,11518,2015,6,23
2015-06-03,11518,2015,6,23
2015-06-04,11518,2015,6,23
2015-06-05,11518,2015,6,23
2015-06-06,11519,2015,6,23
2015-06-07,11519,2015,6,23
2015-06-08,11519,2015,6,24
2015-06-09,11519,2015,6,24
2015-06-10,11519,2015,6,24
2015-06-11,11519,2015,6,24
2015-06-12,11519,2015,6,24
2015-06-13,11520,2015,6,24
2015-06-14,11520,2015,6,24
2015-06-15,11520,2015,6,25
2015-06-16,11520,2015,6,25
2015-06-17,11520,2015,6,25
2015-06-18,11520,2015,6,25
2015-06-19,11520,2015,6,25
2015-06-20,11521,2015,6,25
2015-06-21,11521,2015,6,25
2015-06-22,11521,2015,6,26
2015-06-23,11521,2015,6,26
2015-06-24,11521,2015,6,26
2015-06-25,11521,2015,6,26
2015-06-26,11521,2015,6,26
2015-06-27,11522,2015,6,26
2015-06-28,11522,2015,6,26
2015-06-29,11522,2015,6,27
2015-06-30,11522,2015,6,27
2015-07-01,11522,2015,7,27
2015-07-02,11522,2015,7,27
2015-07-03,11522,2015,7,27
2015-07-04,11523,2015,7,27
2015-07-05,11523,2015,7,27
2015-07-06,11523,2015,7,28
2015-07-07,11523,2015,7,28
2015-07-08,11523,2015,7,28
2015-07-09,11523,2015,7,28
2015-07-10,11523,2015,7,28
2015-07-11,11524,2015,7,28
2015-07-12,11524,2015,7,28
2015-07-13,11524,2015,7,29
2015-07-14,11524,2015,7,29
2015-07-15,11524,2015,7,29
2015-07-16,11524,2015,7,29
2015-07-17,11524,2015,7,29
2015-07-18,11525,2015,7,29
2015-07-19,11525,2015,7,29
2015-07-20,11525,2015,7,30
2015-07-21,11525,2015,7,30
2015-07-22,11525,2015,7,30
2015-07-23,11525,2015,7,30
2015-07-24,11525,2015,7,30
2015-07-25,11526,2015,7,30
2015-07-26,11526,2015,7,30
2015-07-27,11526,2015,7,31
2015-07-28,11526,2015,7,31
2015-07-29,11526,2015,7,31
2015-07-30,11526,2015,7,31
2015-07-31,11526,2015,7,31
2015-08-01,11527,2015,8,31
2015-08-02,11527,2015,8,31
2015-08-03,11527,2015,8,32
2015-08-04,11527,2015,8,32
2015-08-05,11527,2015,8,32
2015-08-06,11527,2015,8,32
2015-08-07,11527,2015,8,32
2015-08-08,11528,2015,8,32
2015-08-09,11528,2015,8,32
2015-08-10,11528,2015,8,33
2015-08-11,11528,2015,8,33
2015-08-12,11528,2015,8,33
2015-08-13,11528,2015,8,33
2015-08-14,11528,2015,8,33
2015-08-15,11529,2015,8,33
2015-08-16,11529,2015,8,33
2015-08-17,11529,2015,8,34
2015-08-18,11529,2015,8,34
2015-08-19,11529,2015,8,34
2015-08-20,11529,2015,8,34
2015-08-21,11529,2015,8,34
2015-08-22,11530,2015,8,34
2015-08-23,11530,2015,8,34
2015-08-24,11530,2015,8,35
2015-08-25,11530,2015,8,35
2015-08-26,11530,2015,8,35
2015-08-27,11530,2015,8,35
2015-08-28,11530,2015,8,35
2015-08-29,11531,2015,8,35
2015-08-30,11531,2015,8,35
2015-08-31,11531,2015,8,36
2015-09-01,11531,2015,9,36
2015-09-02,11531,2015,9,36
2015-09-03,11531,2015,9,36
2015-09-04,11531,2015,9,36
2015-09-05,11532,2015,9,36
2015-09-06,11532,2015,9,36
2015-09-07,11532,2015,9,37
2015-09-08,11532,2015,9,37
2015-09-09,11532,2015,9,37
2015-09-10,11532,2015,9,37
2015-09-11,11532,2015,9,37
2015-09-12,11533,2015,9,37
2015-09-13,11533,2015,9,37
2015-09-14,11533,2015,9,38
2015-09-15,11533,2015,9,38
2015-09-16,11533,2015,9,38
2015-09-17,11533,2015,9,38
2015-09-18,11533,2015,9,38
2015-09-19,11534,2015,9,38
2015-09-20,11534,2015,9,38
2015-09-21,11534,2015,9,39
2015-09-22,11534,2015,9,39
2015-09-23,11534,2015,9,39
2015-09-24,11534,2015,9,39
2015-09-25,11534,2015,9,39
2015-09-26,11535,2015,9,39
2015-09-27,11535,2015,9,39
2015-09-28,11535,2015,9,40
2015-09-29,11535,2015,9,40
2015-09-30,11535,2015,9,40
2015-10-01,11535,2015,10,40
2015-10-02,11535,2015,10,40
2015-10-03,11536,2015,10,40
2015-10-04,11536,2015,10,40
2015-10-05,11536,2015,10,41
2015-10-06,11536,2015,10,41
2015-10-07,11536,2015,10,41
2015-10-08,11536,2015,10,41
2015-10-09,11536,2015,10,41
2015-10-10,11537,2015,10,41
2015-10-11,11537,2015,10,41
2015-10-12,11537,2015,10,42
2015-10-13,11537,2015,10,42
2015-10-14,11537,2015,10,42
2015-10-15,11537,2015,10,42
2015-10-16,11537,2015,10,42
2015-10-17,11538,2015,10,42
2015-10-18,11538,2015,10,42
2015-10-19,11538,2015,10,43
2015-10-20,11538,2015,10,43
2015-10-21,11538,2015,10,43
2015-10-22,11538,2015,10,43
2015-10-23,11538,2015,10,43
2015-10-24,11539,2015,10,43
2015-10-25,11539,2015,10,43
2015-10-26,11539,2015,10,44
2015-10-27,11539,2015,10,44
2015-10-28,11539,2015,10,44
2015-10-29,11539,2015,10,44
2015-10-30,11539,2015,10,44
2015-10-31,11540,2015,10,44
2015-11-01,11540,2015,11,44
2015-11-02,11540,2015,11,45
2015-11-03,11540,2015,11,45
2015-11-04,11540,2015,11,45
2015-11-05,11540,2015,11,45
2015-11-06,11540,2015,11,45
2015-11-07,11541,2015,11,45
2015-11-08,11541,2015,11,45
2015-11-09,11541,2015,11,46
2015-11-10,11541,2015,11,46
2015-11-11,11541,2015,11,46
2015-11-12,11541,2015,11,46
2015-11-13,11541,2015,11,46
2015-11-14,11542,2015,11,46
2015-11-15,11542,2015,11,46
2015-11-16,11542,2015,11,47
2015-11-17,11542,2015,11,47
2015-11-18,11542,2015,11,47
2015-11-19,11542,2015,11,47
2015-11-20,11542,2015,11,47
2015-11-21,11543,2015,11,47
2015-11-22,11543,2015,11,47
2015-11-23,11543,2015,11,48
2015-11-24,11543,2015,11,48
2015-11-25,11543,2015,11,48
2015-11-26,11543,2015,11,48
2015-11-27,11543,2015,11,48
2015-11-28,11544,2015,11,48
2015-11-29,11544,2015,11,48
2015-11-30,11544,2015,11,49
2015-12-01,11544,2015,12,49
2015-12-02,11544,2015,12,49
2015-12-03,11544,2015,12,49
2015-12-04,11544,2015,12,49
2015-12-05,11545,2015,12,49
2015-12-06,11545,2015,12,49
2015-12-07,11545,2015,12,50
2015-12-08,11545,2015,12,50
2015-12-09,11545,2015,12,50
2015-12-10,11545,2015,12,50
2015-12-11,11545,2015,12,50
2015-12-12,11546,2015,12,50
2015-12-13,11546,2015,12,50
2015-12-14,11546,2015,12,51
2015-12-15,11546,2015,12,51
2015-12-16,11546,2015,12,51
2015-12-17,11546,2015,12,51
2015-12-18,11546,2015,12,51
2015-12-19,11547,2015,12,51
2015-12-20,11547,2015,12,51
2015-12-21,11547,2015,12,52
2015-12-22,11547,2015,12,52
2015-12-23,11547,2015,12,52
2015-12-24,11547,2015,12,52
2015-12-25,11547,2015,12,52
2015-12-26,11548,2015,12,52
2015-12-27,11548,2015,12,52
2015-12-28,11548,2015,12,53
2015-12-29,11548,2015,12,53
2015-12-30,11548,2015,12,53
2015-12-31,11548,2015,12,53
2016-01-01,11548,2016,1,53
2016-01-02,11549,2016,1,53
2016-01-03,11549,2016,1,53
2016-01-04,11549,2016,1,1
2016-01-05,11549,2016,1,1
2016-01-06,11549,2016,1,1
2016-01-07,11549,2016,1,1
2016-01-08,11549,2016,1,1
2016-01-09,11550,2016,1,1
2016-01-10,11550,2016,1,1
2016-01-11,11550,2016,1,2
2016-01-12,11550,2016,1,2
2016-01-13,11550,2016,1,2
2016-01-14,11550,2016,1,2
2016-01-15,11550,2016,1,2
2016-01-16,11551,2016,1,2
2016-01-17,11551,2016,1,2
2016-01-18,11551,2016,1,3
2016-01-19,11551,2016,1,3
2016-01-20,11551,2016,1,3
2016-01-21,11551,2016,1,3
2016-01-22,11551,2016,1,3
2016-01-23,11552,2016,1,3
2016-01-24,11552,2016,1,3
2016-01-25,11552,2016,1,4
2016-01-26,11552,2016,1,4
2016-01-27,11552,2016,1,4
2016-01-28,11552,2016,1,4
2016-01-29,11552,2016,1,4
2016-01-30,11601,2016,1,4
2016-01-31,11601,2016,1,4
2016-02-01,11601,2016,2,5
2016-02-02,11601,2016,2,5
2016-02-03,11601,2016,2,5
2016-02-04,11601,2016,2,5
2016-02-05,11601,2016,2,5
2016-02-06,11602,2016,2,5
2016-02-07,11602,2016,2,5
2016-02-08,11602,2016,2,6
2016-02-09,11602,2016,2,6
2016-02-10,11602,2016,2,6
2016-02-11,11602,2016,2,6
2016-02-12,11602,2016,2,6
2016-02-13,11603,2016,2,6
2016-02-14,11603,2016,2,6
2016-02-15,11603,2016,2,7
2016-02-16,11603,2016,2,7
2016-02-17,11603,2016,2,7
2016-02-18,11603,2016,2,7
2016-02-19,11603,2016,2,7
2016-02-20,11604,2016,2,7
2016-02-21,11604,2016,2,7
2016-02-22,11604,2016,2,8
2016-02-23,11604,2016,2,8
2016-02-24,11604,2016,2,8
2016-02-25,11604,2016,2,8
2016-02-26,11604,2016,2,8
2016-02-27,11605,2016,2,8
2016-02-28,11605,2016,2,8
2016-02-29,11605,2016,2,9
2016-03-01,11605,2016,3,9
2016-03-02,11605,2016,3,9
2016-03-03,11605,2016,3,9
2016-03-04,11605,2016,3,9
2016-03-05,11606,2016,3,9
2016-03-06,11606,2016,3,9
2016-03-07,11606,2016,3,10
2016-03-08,11606,2016,3,10
2016-03-09,11606,2016,3,10
2016-03-10,11606,2016,3,10
2016-03-11,11606,2016,3,10
2016-03-12,11607,2016,3,10
2016-03-13,11607,2016,3,10
2016-03-14,11607,2016,3,11
2016-03-15,11607,2016,3,11
2016-03-16,11607,2016,3,11
2016-03-17,11607,2016,3,11
2016-03-18,11607,2016,3,11
2016-03-19,11608,2016,3,11
2016-03-20,11608,2016,3,11
2016-03-21,11608,2016,3,12
2016-03-22,11608,2016,3,12
2016-03-23,11608,2016,3,12
2016-03-24,11608,2016,3,12
2016-03-25,11608,2016,3,12
2016-03-26,11609,2016,3,12
2016-03-27,11609,2016,3,12
2016-03-28,11609,2016,3,13
2016-03-29,11609,2016,3,13
2016-03-30,11609,2016,3,13
2016-03-31,11609,2016,3,13
2016-04-01,11609,2016,4,13
2016-04-02,11610,2016,4,13
2016-04-03,11610,2016,4,13
2016-04-04,11610,2016,4,14
2016-04-05,11610,2016,4,14
2016-04-06,11610,2016,4,14
2016-04-07,11610,2016,4,14
2016-04-08,11610,2016,4,14
2016-04-09,11611,2016,4,14
2016-04-10,11611,2016,4,14
2016-04-11,11611,2016,4,15
2016-04-12,11611,2016,4,15
2016-04-13,11611,2016,4,15
2016-04-14,11611,2016,4,15
2016-04-15,11611,2016,4,15
2016-04-16,11612,2016,4,15
2016-04-17,11612,2016,4,15
2016-04-18,11612,2016,4,16
2016-04-19,11612,2016,4,16
2016-04-20,11612,2016,4,16
2016-04-21,11612,2016,4,16
2016-04-22,11612,2016,4,16
2016-04-23,11613,2016,4,16
2016-04-24,11613,2016,4,16
